{
  "font_size": "large",
  "map_lat": 49.313323910187954,
  "map_lon": 14.127704501152039,
  "map_zoom": 17,
  "arrow_every_n": 0,
  "map_style": "map"
}